{
  "experiment": "E3 jit-vs-precompute",
  "condition": "i0",
  "layer": 28,
  "endprompt": {
    "slot_0": {
      "n": 180,
      "majority": 0.26666666666666666,
      "cv": 0.9888888888888889
    },
    "slot_1": {
      "n": 180,
      "majority": 0.12222222222222222,
      "cv": 0.37222222222222223
    },
    "slot_2": {
      "n": 180,
      "majority": 0.13333333333333333,
      "cv": 0.18888888888888886
    },
    "slot_3": {
      "n": 180,
      "majority": 0.12222222222222222,
      "cv": 0.1388888888888889
    },
    "slot_4": {
      "n": 180,
      "majority": 0.19444444444444445,
      "cv": 0.15
    },
    "slot_5": {
      "n": 180,
      "majority": 0.16666666666666666,
      "cv": 0.13333333333333336
    },
    "slot_6": {
      "n": 180,
      "majority": 0.1,
      "cv": 0.09444444444444444
    },
    "slot_7": {
      "n": 180,
      "majority": 0.14444444444444443,
      "cv": 0.11111111111111112
    }
  },
  "lookahead": {
    "+0": {
      "per_line": [
        0.9888888888888889,
        0.9722222222222223,
        0.9666666666666668,
        0.9666666666666666,
        0.9833333333333334,
        0.9388888888888888,
        0.961111111111111,
        0.9888888888888889
      ],
      "mean": 0.9708333333333333
    },
    "+1": {
      "per_line": [
        0.37222222222222223,
        0.23888888888888887,
        0.17777777777777776,
        0.22777777777777777,
        0.22777777777777777,
        0.19999999999999998,
        0.23888888888888887
      ],
      "mean": 0.2404761904761905
    },
    "+2": {
      "per_line": [
        0.18888888888888886,
        0.11666666666666665,
        0.08888888888888888,
        0.17222222222222222,
        0.09999999999999999,
        0.17222222222222222
      ],
      "mean": 0.1398148148148148
    }
  },
  "control": {
    "first_token_mean": 0.7034722222222223
  }
}