{
  "experiment": "E3 jit-vs-precompute",
  "condition": "i1",
  "layer": 28,
  "endprompt": {
    "slot_0": {
      "n": 180,
      "majority": 0.26666666666666666,
      "cv": 0.9888888888888889
    },
    "slot_1": {
      "n": 180,
      "majority": 0.12222222222222222,
      "cv": 0.2833333333333333
    },
    "slot_2": {
      "n": 180,
      "majority": 0.13333333333333333,
      "cv": 0.14999999999999997
    },
    "slot_3": {
      "n": 180,
      "majority": 0.12222222222222222,
      "cv": 0.15
    },
    "slot_4": {
      "n": 180,
      "majority": 0.19444444444444445,
      "cv": 0.11666666666666665
    },
    "slot_5": {
      "n": 180,
      "majority": 0.16666666666666666,
      "cv": 0.13333333333333333
    },
    "slot_6": {
      "n": 180,
      "majority": 0.1,
      "cv": 0.07222222222222222
    },
    "slot_7": {
      "n": 180,
      "majority": 0.14444444444444443,
      "cv": 0.09999999999999999
    }
  },
  "lookahead": {
    "+0": {
      "per_line": [
        0.9888888888888889,
        0.9666666666666668,
        0.9277777777777778,
        0.8333333333333334,
        0.6499999999999999,
        0.5333333333333334,
        0.4444444444444445,
        0.8444444444444444
      ],
      "mean": 0.7736111111111111
    },
    "+1": {
      "per_line": [
        0.2833333333333333,
        0.2611111111111111,
        0.23888888888888887,
        0.3055555555555555,
        0.2666666666666667,
        0.3111111111111111,
        0.2333333333333333
      ],
      "mean": 0.27142857142857146
    },
    "+2": {
      "per_line": [
        0.14999999999999997,
        0.16666666666666666,
        0.11666666666666667,
        0.16666666666666666,
        0.14444444444444443,
        0.16111111111111112
      ],
      "mean": 0.15092592592592594
    }
  },
  "control": {
    "first_token_mean": 0.5319444444444443
  }
}