{
  "experiment": "E3 jit-vs-precompute",
  "condition": "i0",
  "layer": 14,
  "endprompt": {
    "slot_0": {
      "n": 180,
      "majority": 0.26666666666666666,
      "cv": 0.9388888888888889
    },
    "slot_1": {
      "n": 180,
      "majority": 0.12222222222222222,
      "cv": 0.2611111111111111
    },
    "slot_2": {
      "n": 180,
      "majority": 0.13333333333333333,
      "cv": 0.16666666666666666
    },
    "slot_3": {
      "n": 180,
      "majority": 0.12222222222222222,
      "cv": 0.23888888888888887
    },
    "slot_4": {
      "n": 180,
      "majority": 0.19444444444444445,
      "cv": 0.25
    },
    "slot_5": {
      "n": 180,
      "majority": 0.16666666666666666,
      "cv": 0.26111111111111107
    },
    "slot_6": {
      "n": 180,
      "majority": 0.1,
      "cv": 0.10555555555555556
    },
    "slot_7": {
      "n": 180,
      "majority": 0.14444444444444443,
      "cv": 0.14444444444444443
    }
  },
  "lookahead": {
    "+0": {
      "per_line": [
        0.9388888888888889,
        0.18333333333333332,
        0.14444444444444443,
        0.11666666666666665,
        0.11666666666666665,
        0.13333333333333336,
        0.08888888888888888,
        0.07777777777777777
      ],
      "mean": 0.22499999999999998
    },
    "+1": {
      "per_line": [
        0.2611111111111111,
        0.12777777777777777,
        0.10555555555555556,
        0.09999999999999999,
        0.08888888888888888,
        0.09444444444444444,
        0.10555555555555554
      ],
      "mean": 0.1261904761904762
    },
    "+2": {
      "per_line": [
        0.16666666666666666,
        0.12777777777777777,
        0.13333333333333333,
        0.13333333333333333,
        0.11666666666666667,
        0.08888888888888888
      ],
      "mean": 0.12777777777777777
    }
  },
  "control": {
    "first_token_mean": 0.7006944444444445
  }
}